<Ui xmlns="http://www.blizzard.com/wow/ui/" xmlns:xsi="http://www.w3.org/2001/XMLSchema-instance" xsi:schemaLocation="http://www.blizzard.com/wow/ui/
..\FrameXML\UI.xsd">

<Script file="modules\IndicatorAlpha.lua"/>
<Script file="modules\IndicatorBorder.lua"/>
<Script file="modules\IndicatorBar.lua"/>
<Script file="modules\IndicatorText.lua"/>
<Script file="modules\IndicatorIcon.lua"/>
<Script file="modules\IndicatorSquare.lua"/>
<Script file="modules\StatusHealth.lua"/>
<Script file="modules\StatusMana.lua"/>
<Script file="modules\StatusColor.lua"/>
<Script file="modules\StatusAuras.lua"/>
<Script file="modules\StatusName.lua"/>
<Script file="modules\StatusOffline.lua"/>
<Script file="modules\StatusPvP.lua"/>
<Script file="modules\StatusRange.lua"/>
<Script file="modules\StatusReadyCheck.lua"/>
<Script file="modules\StatusRole.lua"/>
<Script file="modules\StatusTarget.lua"/>
<Script file="modules\StatusThreat.lua"/>
<Script file="modules\StatusVehicle.lua"/>
<Script file="modules\StatusVoiceComm.lua"/>
<Script file="modules\StatusRaidIcon.lua"/>
<Script file="modules\StatusAFK.lua"/>
<Script file="modules\StatusBanzai.lua"/>
<Script file="modules\StatusDirection.lua"/>
<Script file="modules\StatusRes.lua"/>
<Script file="modules\StatusShields.lua"/>
<Script file="modules\StatusShieldsBoss.lua"/>
<Script file="modules\StatusSelf.lua"/>
<Script file="modules\StatusPurgatory.lua"/>
<Script file="modules\StatusTortosCrystalShell.lua"/>
<Script file="modules\StatusAbsorbs.lua"/>

</Ui>
